2018-10-26 15:12:28.254604,桃園,1,3,11111,125338,6267,3
2018-10-26 15:13:31.511202,桃園,4,5,11111,125338,6267,5
2018-10-26 15:22:37.836987,桃園,6,10,10100,110229,5512,10
2018-10-26 15:25:50.531329,桃園,6,10,10100,110229,5512,10
2018-10-26 15:25:08.605993,商業登記基本資料,7,4
2018-10-26 15:25:22.828105,商業登記基本資料,8,3
2018-10-26 15:25:36.628267,商業登記基本資料,9,1
2018-10-26 15:29:53.983083,桃園,6,8,10100,110229,5512,8
2018-10-26 15:29:43.010477,桃園,6,8,10100,Error! MyMoreLinkCollection1,商業登記基本資料,7,4
2018-10-26 15:29:55.145154,桃園,6,8,10100,Error! MyMoreLinkCollection1,商業登記基本資料,8,3
2018-10-26 18:18:22.643246,台中市大里區,1,0,10000,7040,352,1
2018-10-26 18:18:50.483892,台中市大里區,1,0,10000,7040,352,2
2018-10-26 18:19:32.732131,台中市大里區,1,0,10000,7040,352,3
2018-10-26 18:23:40.430566,台中市大里區,1,0,10000,7040,352,1
2018-10-26 18:23:57.659805,台中市大里區,1,0,10000,7040,352,2
2018-10-26 18:24:14.947658,台中市大里區,1,0,10000,7040,352,3
2018-10-26 18:24:32.881270,台中市大里區,1,0,10000,7040,352,4
2018-10-26 18:24:53.182064,台中市大里區,1,0,10000,7040,352,5
2018-10-26 18:25:32.103960,台中市大里區,1,0,10000,7040,352,6
2018-10-26 18:25:52.833828,台中市大里區,1,0,10000,7040,352,7
2018-10-26 18:26:13.518733,台中市大里區,1,0,10000,7040,352,8
2018-10-26 18:26:33.790205,台中市大里區,1,0,10000,7040,352,9
2018-10-26 18:26:40.368867,台中市大里區,1,0,10000,Error! MyMoreLinkCollection1,公司基本資料,9,8
2018-10-26 18:26:54.775197,台中市大里區,1,0,10000,7040,352,10
2018-10-26 18:27:15.105755,台中市大里區,1,0,10000,7040,352,11
2018-10-26 18:27:37.968659,台中市大里區,1,0,10000,7040,352,12
2018-10-26 18:27:59.298792,台中市大里區,1,0,10000,7040,352,13
2018-10-26 18:28:21.281003,台中市大里區,1,0,10000,7040,352,14
2018-10-26 18:28:42.192681,台中市大里區,1,0,10000,7040,352,15
2018-10-26 18:29:02.649366,台中市大里區,1,0,10000,7040,352,16
2018-10-26 18:29:22.775364,台中市大里區,1,0,10000,7040,352,17
2018-10-26 18:29:44.342542,台中市大里區,1,0,10000,7040,352,18
2018-10-26 18:30:03.446705,台中市大里區,1,0,10000,7040,352,19
2018-10-26 18:30:24.276201,台中市大里區,1,0,10000,7040,352,20
2018-10-26 18:30:43.952304,台中市大里區,1,0,10000,7040,352,21
2018-10-26 18:31:04.413063,台中市大里區,1,0,10000,7040,352,22
2018-10-26 18:31:24.187168,台中市大里區,1,0,10000,7040,352,23
2018-10-26 18:31:44.534687,台中市大里區,1,0,10000,7040,352,24
2018-10-26 18:32:04.946098,台中市大里區,1,0,10000,7040,352,25
2018-10-26 18:32:24.596414,台中市大里區,1,0,10000,7040,352,26
2018-10-26 18:32:45.153672,台中市大里區,1,0,10000,7040,352,27
2018-10-26 18:33:06.530663,台中市大里區,1,0,10000,7040,352,28
2018-10-26 18:33:27.333997,台中市大里區,1,0,10000,7040,352,29
2018-10-26 18:33:49.378762,台中市大里區,1,0,10000,7040,352,30
2018-10-26 18:34:10.530674,台中市大里區,1,0,10000,7040,352,31
2018-10-26 18:34:32.073593,台中市大里區,1,0,10000,7040,352,32
2018-10-26 18:34:54.062353,台中市大里區,1,0,10000,7040,352,33
2018-10-26 18:35:15.546845,台中市大里區,1,0,10000,7040,352,34
2018-10-26 18:35:37.418793,台中市大里區,1,0,10000,7040,352,35
2018-10-26 18:35:57.733154,台中市大里區,1,0,10000,7040,352,36
2018-10-26 18:36:18.702772,台中市大里區,1,0,10000,7040,352,37
2018-10-26 18:36:39.322849,台中市大里區,1,0,10000,7040,352,38
2018-10-26 18:37:00.998134,台中市大里區,1,0,10000,7040,352,39
2018-10-26 18:37:23.694341,台中市大里區,1,0,10000,7040,352,40
2018-10-26 18:37:44.259322,台中市大里區,1,0,10000,7040,352,41
2018-10-26 18:38:04.971455,台中市大里區,1,0,10000,7040,352,42
2018-10-26 18:38:25.247050,台中市大里區,1,0,10000,7040,352,43
2018-10-26 18:38:46.358246,台中市大里區,1,0,10000,7040,352,44
2018-10-26 18:39:07.626377,台中市大里區,1,0,10000,7040,352,45
2018-10-26 18:39:29.504108,台中市大里區,1,0,10000,7040,352,46
2018-10-26 18:39:50.136136,台中市大里區,1,0,10000,7040,352,47
2018-10-26 18:40:10.306462,台中市大里區,1,0,10000,7040,352,48
2018-10-26 18:40:30.160073,台中市大里區,1,0,10000,7040,352,49
2018-10-26 18:40:51.207717,台中市大里區,1,0,10000,7040,352,50
2018-10-26 18:41:12.099601,台中市大里區,1,0,10000,7040,352,51
2018-10-26 18:41:35.792422,台中市大里區,1,0,10000,7040,352,52
2018-10-26 18:41:58.272633,台中市大里區,1,0,10000,7040,352,53
2018-10-26 18:42:19.171148,台中市大里區,1,0,10000,7040,352,54
2018-10-26 18:42:40.377220,台中市大里區,1,0,10000,7040,352,55
2018-10-26 18:43:03.052622,台中市大里區,1,0,10000,7040,352,56
2018-10-26 18:43:24.196091,台中市大里區,1,0,10000,7040,352,57
2018-10-26 18:43:47.656459,台中市大里區,1,0,10000,7040,352,58
2018-10-26 18:44:09.160867,台中市大里區,1,0,10000,7040,352,59
2018-10-26 18:44:31.516309,台中市大里區,1,0,10000,7040,352,60
2018-10-26 18:44:53.460651,台中市大里區,1,0,10000,7040,352,61
2018-10-26 18:45:17.292652,台中市大里區,1,0,10000,7040,352,62
2018-10-26 18:45:39.419052,台中市大里區,1,0,10000,7040,352,63
2018-10-26 18:46:00.595851,台中市大里區,1,0,10000,7040,352,64
2018-10-26 18:46:23.444237,台中市大里區,1,0,10000,7040,352,65
2018-10-26 18:46:44.449469,台中市大里區,1,0,10000,7040,352,66
2018-10-26 18:47:05.478942,台中市大里區,1,0,10000,7040,352,67
2018-10-26 18:47:28.151301,台中市大里區,1,0,10000,7040,352,68
2018-10-26 18:47:48.359049,台中市大里區,1,0,10000,7040,352,69
2018-10-26 18:48:09.726227,台中市大里區,1,0,10000,7040,352,70
2018-10-26 18:48:30.524803,台中市大里區,1,0,10000,7040,352,71
2018-10-26 18:48:51.246452,台中市大里區,1,0,10000,7040,352,72
2018-10-26 18:49:13.355113,台中市大里區,1,0,10000,7040,352,73
2018-10-26 18:49:37.223250,台中市大里區,1,0,10000,7040,352,74
2018-10-26 18:50:02.426230,台中市大里區,1,0,10000,7040,352,75
2018-10-26 18:50:27.339070,台中市大里區,1,0,10000,7040,352,76
2018-10-26 18:50:53.811865,台中市大里區,1,0,10000,7040,352,77
2018-10-26 18:51:20.521060,台中市大里區,1,0,10000,7040,352,78
2018-10-26 18:51:46.012058,台中市大里區,1,0,10000,7040,352,79
2018-10-26 18:52:11.117017,台中市大里區,1,0,10000,7040,352,80
2018-10-26 18:52:34.671319,台中市大里區,1,0,10000,7040,352,81
2018-10-26 18:53:00.622061,台中市大里區,1,0,10000,7040,352,82
2018-10-26 18:53:25.411913,台中市大里區,1,0,10000,7040,352,83
2018-10-26 18:53:50.640938,台中市大里區,1,0,10000,7040,352,84
2018-10-26 18:54:15.764090,台中市大里區,1,0,10000,7040,352,85
2018-10-26 18:54:41.547464,台中市大里區,1,0,10000,7040,352,86
2018-10-26 18:55:07.972710,台中市大里區,1,0,10000,7040,352,87
2018-10-26 18:55:32.179427,台中市大里區,1,0,10000,7040,352,88
2018-10-26 18:55:58.309921,台中市大里區,1,0,10000,7040,352,89
2018-10-26 18:56:23.221931,台中市大里區,1,0,10000,7040,352,90
2018-10-26 18:56:50.955535,台中市大里區,1,0,10000,7040,352,91
2018-10-26 18:57:17.956979,台中市大里區,1,0,10000,7040,352,92
2018-10-26 18:57:48.240412,台中市大里區,1,0,10000,7040,352,93
2018-10-26 18:58:14.702500,台中市大里區,1,0,10000,7040,352,94
2018-10-26 18:58:42.330457,台中市大里區,1,0,10000,7040,352,95
2018-10-26 18:59:13.236237,台中市大里區,1,0,10000,7040,352,96
2018-10-26 18:59:42.155989,台中市大里區,1,0,10000,7040,352,97
2018-10-26 19:00:09.892894,台中市大里區,1,0,10000,7040,352,98
2018-10-26 19:00:35.850156,台中市大里區,1,0,10000,7040,352,99
2018-10-26 19:01:02.866677,台中市大里區,1,0,10000,7040,352,100
2018-10-26 19:01:31.126754,台中市大里區,1,0,10000,7040,352,101
2018-10-26 19:01:55.421127,台中市大里區,1,0,10000,7040,352,102
2018-10-26 19:02:20.575172,台中市大里區,1,0,10000,7040,352,103
2018-10-26 19:02:43.966892,台中市大里區,1,0,10000,7040,352,104
2018-10-26 19:03:09.297914,台中市大里區,1,0,10000,7040,352,105
2018-10-26 19:03:35.019982,台中市大里區,1,0,10000,7040,352,106
2018-10-26 19:04:00.379756,台中市大里區,1,0,10000,7040,352,107
2018-10-26 19:04:26.907937,台中市大里區,1,0,10000,7040,352,108
2018-10-26 19:04:52.482934,台中市大里區,1,0,10000,7040,352,109
2018-10-26 19:05:19.250497,台中市大里區,1,0,10000,7040,352,110
2018-10-26 19:05:46.466790,台中市大里區,1,0,10000,7040,352,111
2018-10-26 19:06:11.380270,台中市大里區,1,0,10000,7040,352,112
2018-10-26 19:06:38.785629,台中市大里區,1,0,10000,7040,352,113
2018-10-26 19:07:06.001250,台中市大里區,1,0,10000,7040,352,114
2018-10-26 19:07:36.395331,台中市大里區,1,0,10000,7040,352,115
2018-10-26 19:08:05.284061,台中市大里區,1,0,10000,7040,352,116
2018-10-26 19:08:31.472707,台中市大里區,1,0,10000,7040,352,117
2018-10-26 19:08:56.955813,台中市大里區,1,0,10000,7040,352,118
2018-10-26 19:09:26.178340,台中市大里區,1,0,10000,7040,352,119
2018-10-26 19:09:57.666919,台中市大里區,1,0,10000,7040,352,120
2018-10-26 19:10:09.525547,台中市大里區,1,0,10000,Error! MyMoreLinkCollection1,公司基本資料,120,10
2018-10-26 19:10:28.833254,台中市大里區,1,0,10000,7040,352,121
2018-10-26 19:10:47.732276,台中市大里區,1,0,10000,Error! MyMoreLinkCollection1,公司基本資料,121,8
2018-10-26 19:11:19.314807,台中市大里區,1,0,10000,7040,352,122
2018-10-26 19:11:51.454933,台中市大里區,1,0,10000,7040,352,123
2018-10-26 19:12:21.683245,台中市大里區,1,0,10000,7040,352,124
2018-10-26 19:12:56.139930,台中市大里區,1,0,10000,7040,352,125
2018-10-26 19:13:25.302143,台中市大里區,1,0,10000,7040,352,126
2018-10-26 19:13:49.553538,台中市大里區,1,0,10000,7040,352,127
2018-10-26 19:14:17.807626,台中市大里區,1,0,10000,7040,352,128
2018-10-26 19:14:43.149386,台中市大里區,1,0,10000,7040,352,129
2018-10-26 19:15:09.490960,台中市大里區,1,0,10000,7040,352,130
2018-10-26 19:15:36.082469,台中市大里區,1,0,10000,7040,352,131
2018-10-26 19:16:01.406655,台中市大里區,1,0,10000,7040,352,132
2018-10-26 19:16:26.146016,台中市大里區,1,0,10000,7040,352,133
2018-10-26 19:16:53.590933,台中市大里區,1,0,10000,7040,352,134
2018-10-26 19:17:17.498082,台中市大里區,1,0,10000,7040,352,135
2018-10-26 19:17:45.011192,台中市大里區,1,0,10000,7040,352,136
2018-10-26 19:18:10.460565,台中市大里區,1,0,10000,7040,352,137
2018-10-26 19:18:33.683946,台中市大里區,1,0,10000,7040,352,138
2018-10-26 19:18:59.794064,台中市大里區,1,0,10000,7040,352,139
2018-10-26 19:19:25.884772,台中市大里區,1,0,10000,7040,352,140
2018-10-26 19:19:51.682332,台中市大里區,1,0,10000,7040,352,141
2018-10-26 19:20:16.831129,台中市大里區,1,0,10000,7040,352,142
2018-10-26 19:20:44.829155,台中市大里區,1,0,10000,7040,352,143
2018-10-26 19:21:12.299895,台中市大里區,1,0,10000,7040,352,144
2018-10-26 19:21:39.632427,台中市大里區,1,0,10000,7040,352,145
2018-10-26 19:22:05.352976,台中市大里區,1,0,10000,7040,352,146
2018-10-26 19:22:32.368305,台中市大里區,1,0,10000,7040,352,147
2018-10-26 19:22:57.431641,台中市大里區,1,0,10000,7040,352,148
2018-10-26 19:23:24.233245,台中市大里區,1,0,10000,7040,352,149
2018-10-26 19:23:49.815585,台中市大里區,1,0,10000,7040,352,150
2018-10-26 19:24:15.690793,台中市大里區,1,0,10000,7040,352,151
2018-10-26 19:24:40.309013,台中市大里區,1,0,10000,7040,352,152
2018-10-26 19:25:07.072186,台中市大里區,1,0,10000,7040,352,153
2018-10-26 19:25:32.897642,台中市大里區,1,0,10000,7040,352,154
2018-10-26 19:26:00.667074,台中市大里區,1,0,10000,7040,352,155
2018-10-26 19:26:26.079112,台中市大里區,1,0,10000,7040,352,156
2018-10-26 19:26:52.194075,台中市大里區,1,0,10000,7040,352,157
2018-10-26 19:27:18.602754,台中市大里區,1,0,10000,7040,352,158
2018-10-26 19:27:45.842500,台中市大里區,1,0,10000,7040,352,159
2018-10-26 19:28:11.177413,台中市大里區,1,0,10000,7040,352,160
2018-10-26 19:28:36.421763,台中市大里區,1,0,10000,7040,352,161
2018-10-26 19:29:00.535934,台中市大里區,1,0,10000,7040,352,162
2018-10-26 19:29:27.712090,台中市大里區,1,0,10000,7040,352,163
2018-10-26 19:29:53.892603,台中市大里區,1,0,10000,7040,352,164
2018-10-26 19:30:18.575319,台中市大里區,1,0,10000,7040,352,165
2018-10-26 19:30:44.667567,台中市大里區,1,0,10000,7040,352,166
2018-10-26 19:31:11.955094,台中市大里區,1,0,10000,7040,352,167
2018-10-26 19:31:39.091342,台中市大里區,1,0,10000,7040,352,168
2018-10-26 19:32:04.359788,台中市大里區,1,0,10000,7040,352,169
2018-10-26 19:32:28.726913,台中市大里區,1,0,10000,7040,352,170
2018-10-26 19:32:56.030214,台中市大里區,1,0,10000,7040,352,171
2018-10-26 19:33:23.514450,台中市大里區,1,0,10000,7040,352,172
2018-10-26 19:33:47.353144,台中市大里區,1,0,10000,7040,352,173
2018-10-26 19:34:14.128094,台中市大里區,1,0,10000,7040,352,174
2018-10-26 19:34:41.599053,台中市大里區,1,0,10000,7040,352,175
2018-10-26 19:35:05.581989,台中市大里區,1,0,10000,Error! MyMoreLinkCollection1,公司基本資料,175,20
2018-10-26 19:35:08.346352,台中市大里區,1,0,10000,7040,352,176
2018-10-26 19:35:36.016525,台中市大里區,1,0,10000,7040,352,177
2018-10-26 19:36:01.811388,台中市大里區,1,0,10000,7040,352,178
2018-10-26 19:36:28.193639,台中市大里區,1,0,10000,7040,352,179
2018-10-26 19:36:52.475554,台中市大里區,1,0,10000,7040,352,180
2018-10-26 19:37:20.581671,台中市大里區,1,0,10000,7040,352,181
2018-10-26 19:37:47.578608,台中市大里區,1,0,10000,7040,352,182
2018-10-26 19:38:16.945063,台中市大里區,1,0,10000,7040,352,183
2018-10-26 19:38:44.115594,台中市大里區,1,0,10000,7040,352,184
2018-10-26 19:39:10.565677,台中市大里區,1,0,10000,7040,352,185
2018-10-26 19:39:37.212572,台中市大里區,1,0,10000,7040,352,186
2018-10-26 19:40:02.936124,台中市大里區,1,0,10000,7040,352,187
2018-10-26 19:40:27.265400,台中市大里區,1,0,10000,7040,352,188
2018-10-26 19:40:56.974001,台中市大里區,1,0,10000,7040,352,189
2018-10-26 19:41:20.750659,台中市大里區,1,0,10000,7040,352,190
2018-10-26 19:41:45.596661,台中市大里區,1,0,10000,7040,352,191
2018-10-26 19:42:13.964833,台中市大里區,1,0,10000,7040,352,192
2018-10-26 19:42:38.136729,台中市大里區,1,0,10000,7040,352,193
2018-10-26 19:43:03.693237,台中市大里區,1,0,10000,7040,352,194
2018-10-26 19:43:30.496050,台中市大里區,1,0,10000,7040,352,195
2018-10-26 19:43:56.061475,台中市大里區,1,0,10000,7040,352,196
2018-10-26 19:44:20.913221,台中市大里區,1,0,10000,7040,352,197
2018-10-26 19:44:46.852641,台中市大里區,1,0,10000,7040,352,198
2018-10-26 19:45:12.565775,台中市大里區,1,0,10000,7040,352,199
2018-10-26 19:45:39.923679,台中市大里區,1,0,10000,7040,352,200
2018-10-26 19:46:06.622631,台中市大里區,1,0,10000,7040,352,201
2018-10-26 19:46:31.094877,台中市大里區,1,0,10000,7040,352,202
2018-10-26 19:46:57.622972,台中市大里區,1,0,10000,7040,352,203
2018-10-26 19:47:28.419347,台中市大里區,1,0,10000,7040,352,204
2018-10-26 19:47:54.931655,台中市大里區,1,0,10000,7040,352,205
2018-10-26 19:48:21.804636,台中市大里區,1,0,10000,7040,352,206
2018-10-26 19:48:47.644868,台中市大里區,1,0,10000,7040,352,207
2018-10-26 19:49:13.793836,台中市大里區,1,0,10000,7040,352,208
2018-10-26 19:49:38.429563,台中市大里區,1,0,10000,7040,352,209
2018-10-26 19:50:04.074070,台中市大里區,1,0,10000,7040,352,210
2018-10-26 19:50:30.340209,台中市大里區,1,0,10000,7040,352,211
2018-10-26 19:50:58.466129,台中市大里區,1,0,10000,7040,352,212
2018-10-26 19:51:24.231730,台中市大里區,1,0,10000,7040,352,213
2018-10-26 19:51:49.787915,台中市大里區,1,0,10000,7040,352,214
2018-10-26 19:52:14.258236,台中市大里區,1,0,10000,7040,352,215
2018-10-26 19:52:38.421464,台中市大里區,1,0,10000,7040,352,216
2018-10-26 19:53:03.176273,台中市大里區,1,0,10000,7040,352,217
2018-10-26 19:53:29.214836,台中市大里區,1,0,10000,7040,352,218
2018-10-26 19:53:56.117752,台中市大里區,1,0,10000,7040,352,219
2018-10-26 19:54:28.258938,台中市大里區,1,0,10000,7040,352,220
2018-10-26 19:54:54.132631,台中市大里區,1,0,10000,7040,352,221
2018-10-26 19:55:19.408152,台中市大里區,1,0,10000,7040,352,222
2018-10-26 19:55:45.717448,台中市大里區,1,0,10000,7040,352,223
2018-10-26 19:56:11.009189,台中市大里區,1,0,10000,7040,352,224
2018-10-26 19:56:36.419136,台中市大里區,1,0,10000,7040,352,225
2018-10-26 19:57:05.620642,台中市大里區,1,0,10000,7040,352,226
2018-10-26 19:57:32.359140,台中市大里區,1,0,10000,7040,352,227
2018-10-26 19:57:59.687200,台中市大里區,1,0,10000,7040,352,228
2018-10-26 19:58:27.587521,台中市大里區,1,0,10000,7040,352,229
2018-10-26 19:58:53.390023,台中市大里區,1,0,10000,7040,352,230
2018-10-26 19:59:18.954186,台中市大里區,1,0,10000,7040,352,231
2018-10-26 19:59:45.694019,台中市大里區,1,0,10000,7040,352,232
2018-10-26 20:00:00.434807,台中市大里區,1,0,10000,Error! MyMoreLinkCollection1,公司基本資料,232,14
2018-10-26 20:00:10.759741,台中市大里區,1,0,10000,7040,352,233
2018-10-26 20:00:35.692693,台中市大里區,1,0,10000,7040,352,234
2018-10-26 20:01:02.419636,台中市大里區,1,0,10000,7040,352,235
2018-10-26 20:01:28.113555,台中市大里區,1,0,10000,7040,352,236
2018-10-26 20:01:54.476707,台中市大里區,1,0,10000,7040,352,237
2018-10-26 20:02:20.899596,台中市大里區,1,0,10000,7040,352,238
2018-10-26 20:02:48.208023,台中市大里區,1,0,10000,7040,352,239
2018-10-26 20:03:14.613155,台中市大里區,1,0,10000,7040,352,240
2018-10-26 20:03:42.071975,台中市大里區,1,0,10000,7040,352,241
2018-10-26 20:04:09.236307,台中市大里區,1,0,10000,7040,352,242
2018-10-26 20:04:34.269010,台中市大里區,1,0,10000,7040,352,243
2018-10-26 20:05:00.900197,台中市大里區,1,0,10000,7040,352,244
2018-10-26 20:05:28.030730,台中市大里區,1,0,10000,7040,352,245
2018-10-26 20:05:53.771383,台中市大里區,1,0,10000,7040,352,246
2018-10-26 20:06:20.188488,台中市大里區,1,0,10000,7040,352,247
2018-10-26 20:06:45.430169,台中市大里區,1,0,10000,7040,352,248
2018-10-26 20:07:14.384075,台中市大里區,1,0,10000,7040,352,249
2018-10-26 20:07:40.028170,台中市大里區,1,0,10000,7040,352,250
2018-10-26 20:08:06.162554,台中市大里區,1,0,10000,7040,352,251
2018-10-26 20:08:32.960740,台中市大里區,1,0,10000,7040,352,252
2018-10-26 20:08:58.769925,台中市大里區,1,0,10000,7040,352,253
2018-10-26 20:09:25.748786,台中市大里區,1,0,10000,7040,352,254
2018-10-26 20:09:52.211560,台中市大里區,1,0,10000,7040,352,255
2018-10-26 20:10:17.171874,台中市大里區,1,0,10000,7040,352,256
2018-10-26 20:10:45.208511,台中市大里區,1,0,10000,7040,352,257
2018-10-26 20:11:20.206214,台中市大里區,1,0,10000,7040,352,258
2018-10-26 20:11:47.259788,台中市大里區,1,0,10000,7040,352,259
2018-10-26 20:12:15.270309,台中市大里區,1,0,10000,7040,352,260
2018-10-26 20:12:42.544386,台中市大里區,1,0,10000,7040,352,261
2018-10-26 20:13:08.172183,台中市大里區,1,0,10000,7040,352,262
2018-10-26 20:13:33.882848,台中市大里區,1,0,10000,7040,352,263
2018-10-26 20:13:59.748692,台中市大里區,1,0,10000,7040,352,264
2018-10-26 20:14:27.189921,台中市大里區,1,0,10000,7040,352,265
2018-10-26 20:14:56.003679,台中市大里區,1,0,10000,7040,352,266
2018-10-26 20:15:21.723280,台中市大里區,1,0,10000,7040,352,267
2018-10-26 20:15:50.279815,台中市大里區,1,0,10000,7040,352,268
2018-10-26 20:16:16.562566,台中市大里區,1,0,10000,7040,352,269
2018-10-26 20:16:42.676946,台中市大里區,1,0,10000,7040,352,270
2018-10-26 20:17:12.381636,台中市大里區,1,0,10000,7040,352,271
2018-10-26 20:17:40.709386,台中市大里區,1,0,10000,7040,352,272
2018-10-26 20:18:09.104435,台中市大里區,1,0,10000,7040,352,273
2018-10-26 20:18:38.046568,台中市大里區,1,0,10000,7040,352,274
2018-10-26 20:19:06.018172,台中市大里區,1,0,10000,7040,352,275
2018-10-26 20:19:37.088578,台中市大里區,1,0,10000,7040,352,276
2018-10-26 20:20:02.554551,台中市大里區,1,0,10000,7040,352,277
2018-10-26 20:20:33.812965,台中市大里區,1,0,10000,7040,352,278
2018-10-26 20:21:01.580766,台中市大里區,1,0,10000,7040,352,279
2018-10-26 20:21:28.258233,台中市大里區,1,0,10000,7040,352,280
2018-10-26 20:21:55.179682,台中市大里區,1,0,10000,7040,352,281
2018-10-26 20:22:22.840714,台中市大里區,1,0,10000,7040,352,282
2018-10-26 20:22:51.427082,台中市大里區,1,0,10000,7040,352,283
2018-10-26 20:23:19.811409,台中市大里區,1,0,10000,7040,352,284
2018-10-26 20:23:47.718409,台中市大里區,1,0,10000,7040,352,285
2018-10-26 20:24:17.215448,台中市大里區,1,0,10000,7040,352,286
2018-10-26 20:24:43.806644,台中市大里區,1,0,10000,7040,352,287
2018-10-26 20:24:59.716117,台中市大里區,1,0,10000,Error! MyMoreLinkCollection1,公司基本資料,287,14
2018-10-26 20:25:10.124642,台中市大里區,1,0,10000,7040,352,288
2018-10-26 20:25:37.941512,台中市大里區,1,0,10000,7040,352,289
2018-10-26 20:26:04.065146,台中市大里區,1,0,10000,7040,352,290
2018-10-26 20:26:32.447843,台中市大里區,1,0,10000,7040,352,291
2018-10-26 20:27:00.144410,台中市大里區,1,0,10000,7040,352,292
2018-10-26 20:27:30.144797,台中市大里區,1,0,10000,7040,352,293
2018-10-26 20:27:59.144081,台中市大里區,1,0,10000,7040,352,294
2018-10-26 20:28:25.555277,台中市大里區,1,0,10000,7040,352,295
2018-10-26 20:28:53.155202,台中市大里區,1,0,10000,7040,352,296
2018-10-26 20:29:23.462945,台中市大里區,1,0,10000,7040,352,297
2018-10-26 20:29:52.571767,台中市大里區,1,0,10000,7040,352,298
2018-10-26 20:30:19.787629,台中市大里區,1,0,10000,7040,352,299
2018-10-26 20:30:49.371637,台中市大里區,1,0,10000,7040,352,300
2018-10-26 20:31:15.567515,台中市大里區,1,0,10000,7040,352,301
2018-10-26 20:31:42.565215,台中市大里區,1,0,10000,7040,352,302
2018-10-26 20:32:11.204053,台中市大里區,1,0,10000,7040,352,303
2018-10-26 20:32:38.757130,台中市大里區,1,0,10000,7040,352,304
2018-10-26 20:33:07.011669,台中市大里區,1,0,10000,7040,352,305
2018-10-26 20:33:35.774574,台中市大里區,1,0,10000,7040,352,306
2018-10-26 20:34:01.643333,台中市大里區,1,0,10000,7040,352,307
2018-10-26 20:34:28.712350,台中市大里區,1,0,10000,7040,352,308
2018-10-26 20:34:56.879455,台中市大里區,1,0,10000,7040,352,309
2018-10-26 20:35:23.873237,台中市大里區,1,0,10000,7040,352,310
2018-10-26 20:35:52.964795,台中市大里區,1,0,10000,7040,352,311
2018-10-26 20:36:20.802893,台中市大里區,1,0,10000,7040,352,312
2018-10-26 20:36:47.758200,台中市大里區,1,0,10000,7040,352,313
2018-10-26 20:37:16.611675,台中市大里區,1,0,10000,7040,352,314
2018-10-26 20:37:45.008827,台中市大里區,1,0,10000,7040,352,315
2018-10-26 20:38:15.241776,台中市大里區,1,0,10000,7040,352,316
2018-10-26 20:38:42.444793,台中市大里區,1,0,10000,7040,352,317
2018-10-26 20:39:09.823977,台中市大里區,1,0,10000,7040,352,318
2018-10-26 20:39:39.911415,台中市大里區,1,0,10000,7040,352,319
2018-10-26 20:40:05.685076,台中市大里區,1,0,10000,7040,352,320
2018-10-26 20:40:33.041669,台中市大里區,1,0,10000,7040,352,321
2018-10-26 20:41:17.291171,台中市大里區,1,0,10000,7040,352,322
2018-10-26 20:41:45.294045,台中市大里區,1,0,10000,7040,352,323
2018-10-26 20:42:12.913305,台中市大里區,1,0,10000,7040,352,324
2018-10-26 20:42:40.454813,台中市大里區,1,0,10000,7040,352,325
2018-10-26 20:43:09.343581,台中市大里區,1,0,10000,7040,352,326
2018-10-26 20:43:37.824009,台中市大里區,1,0,10000,7040,352,327
2018-10-26 20:44:05.470624,台中市大里區,1,0,10000,7040,352,328
2018-10-26 20:44:32.240523,台中市大里區,1,0,10000,7040,352,329
2018-10-26 20:44:59.372032,台中市大里區,1,0,10000,7040,352,330
2018-10-26 20:45:28.864700,台中市大里區,1,0,10000,7040,352,331
2018-10-26 20:45:58.053843,台中市大里區,1,0,10000,7040,352,332
2018-10-26 20:46:24.424284,台中市大里區,1,0,10000,7040,352,333
2018-10-26 20:46:53.425563,台中市大里區,1,0,10000,7040,352,334
2018-10-26 20:47:22.437593,台中市大里區,1,0,10000,7040,352,335
2018-10-26 20:47:54.449487,台中市大里區,1,0,10000,7040,352,336
2018-10-26 20:48:21.637088,台中市大里區,1,0,10000,7040,352,337
2018-10-26 20:48:50.359011,台中市大里區,1,0,10000,7040,352,338
2018-10-26 20:49:17.238089,台中市大里區,1,0,10000,7040,352,339
2018-10-26 20:49:46.134277,台中市大里區,1,0,10000,7040,352,340
2018-10-26 20:50:13.951539,台中市大里區,1,0,10000,7040,352,341
2018-10-26 20:50:41.488791,台中市大里區,1,0,10000,7040,352,342
2018-10-26 20:51:10.996113,台中市大里區,1,0,10000,7040,352,343
2018-10-26 20:51:40.170736,台中市大里區,1,0,10000,7040,352,344
2018-10-26 20:52:09.858155,台中市大里區,1,0,10000,7040,352,345
2018-10-26 20:52:38.843368,台中市大里區,1,0,10000,7040,352,346
2018-10-26 20:53:05.842698,台中市大里區,1,0,10000,7040,352,347
2018-10-26 20:53:33.358909,台中市大里區,1,0,10000,7040,352,348
2018-10-26 20:53:58.365563,台中市大里區,1,0,10000,7040,352,349
2018-10-26 20:54:24.736603,台中市大里區,1,0,10000,7040,352,350
2018-10-26 20:54:51.335214,台中市大里區,1,0,10000,7040,352,351
2018-10-26 20:55:18.945478,台中市大里區,1,0,10000,7040,352,352
2018-10-26 21:17:49.878298,台中市大里區,1,0,00100,7742,388,1
2018-10-26 21:18:05.135088,台中市大里區,1,0,00100,7742,388,2
2018-10-26 21:18:22.504286,台中市大里區,1,0,00100,7742,388,3
2018-10-26 21:18:38.530874,台中市大里區,1,0,00100,7742,388,4
2018-10-26 21:18:53.973901,台中市大里區,1,0,00100,7742,388,5
2018-10-26 21:19:09.515245,台中市大里區,1,0,00100,7742,388,6
2018-10-26 21:19:17.980461,台中市大里區,1,0,00100,Error! MyMoreLinkCollection1,商業登記基本資料,6,12
2018-10-26 21:19:24.839810,台中市大里區,1,0,00100,7742,388,7
2018-10-26 21:19:31.896242,台中市大里區,1,0,00100,Error! MyMoreLinkCollection1,商業登記基本資料,7,11
2018-10-26 21:19:39.555106,台中市大里區,1,0,00100,7742,388,8
2018-10-26 21:19:52.084024,台中市大里區,1,0,00100,Error! MyMoreLinkCollection1,商業登記基本資料,8,18
2018-10-26 21:19:55.692754,台中市大里區,1,0,00100,7742,388,9
2018-10-26 21:20:06.593577,台中市大里區,1,0,00100,Error! MyMoreLinkCollection1,商業登記基本資料,9,17
2018-10-26 21:20:09.949962,台中市大里區,1,0,00100,7742,388,10
2018-10-26 21:20:24.183243,台中市大里區,1,0,00100,7742,388,11
2018-10-26 21:20:41.030651,台中市大里區,1,0,00100,7742,388,12
2018-10-26 21:20:56.488813,台中市大里區,1,0,00100,7742,388,13
2018-10-26 21:21:06.104350,台中市大里區,1,0,00100,Error! MyMoreLinkCollection1,商業登記基本資料,13,15
2018-10-26 21:21:11.355803,台中市大里區,1,0,00100,7742,388,14
2018-10-26 21:21:27.003012,台中市大里區,1,0,00100,7742,388,15
2018-10-26 21:21:27.019757,台中市大里區,1,0,00100,Error! MyMoreLinkCollection1,商業登記基本資料,15,1
2018-10-26 21:21:42.502936,台中市大里區,1,0,00100,7742,388,16
2018-10-26 21:21:59.977875,台中市大里區,1,0,00100,7742,388,17
2018-10-26 21:22:07.460648,台中市大里區,1,0,00100,Error! MyMoreLinkCollection1,商業登記基本資料,17,10
2018-10-26 21:22:12.176210,台中市大里區,1,0,00100,Error! MyMoreLinkCollection1,商業登記基本資料,17,17
2018-10-26 21:22:15.296379,台中市大里區,1,0,00100,7742,388,18
2018-10-26 21:22:26.241535,台中市大里區,1,0,00100,Error! MyMoreLinkCollection1,商業登記基本資料,18,16
2018-10-26 21:22:30.390083,台中市大里區,1,0,00100,7742,388,19
2018-10-26 21:22:43.022145,台中市大里區,1,0,00100,Error! MyMoreLinkCollection1,商業登記基本資料,19,18
2018-10-26 21:22:45.748176,台中市大里區,1,0,00100,7742,388,20
2018-10-26 21:22:52.851526,台中市大里區,1,0,00100,Error! MyMoreLinkCollection1,商業登記基本資料,20,11
2018-10-26 21:22:54.236151,台中市大里區,1,0,00100,Error! MyMoreLinkCollection1,商業登記基本資料,20,13
2018-10-26 21:23:00.503147,台中市大里區,1,0,00100,7742,388,21
2018-10-26 21:23:10.491897,台中市大里區,1,0,00100,Error! MyMoreLinkCollection1,商業登記基本資料,21,15
2018-10-26 21:23:15.701796,台中市大里區,1,0,00100,7742,388,22
2018-10-26 21:23:21.152198,台中市大里區,1,0,00100,Error! MyMoreLinkCollection1,商業登記基本資料,22,8
2018-10-26 21:23:31.278139,台中市大里區,1,0,00100,7742,388,23
2018-10-26 21:23:39.280223,台中市大里區,1,0,00100,Error! MyMoreLinkCollection1,商業登記基本資料,23,12
2018-10-26 21:23:40.631883,台中市大里區,1,0,00100,Error! MyMoreLinkCollection1,商業登記基本資料,23,14
2018-10-26 21:23:46.888641,台中市大里區,1,0,00100,7742,388,24
2018-10-26 21:24:04.011430,台中市大里區,1,0,00100,7742,388,25
2018-10-26 21:24:19.169227,台中市大里區,1,0,00100,7742,388,26
2018-10-26 21:24:34.721649,台中市大里區,1,0,00100,7742,388,27
2018-10-26 21:24:50.863114,台中市大里區,1,0,00100,7742,388,28
2018-10-26 21:25:03.749424,台中市大里區,1,0,00100,Error! MyMoreLinkCollection1,商業登記基本資料,28,19
2018-10-26 21:25:06.315957,台中市大里區,1,0,00100,7742,388,29
2018-10-26 21:25:21.124632,台中市大里區,1,0,00100,7742,388,30
2018-10-26 21:25:36.605052,台中市大里區,1,0,00100,7742,388,31
2018-10-26 21:25:50.998782,台中市大里區,1,0,00100,7742,388,32
2018-10-26 21:25:56.229136,台中市大里區,1,0,00100,Error! MyMoreLinkCollection1,商業登記基本資料,32,7
2018-10-26 21:26:07.519975,台中市大里區,1,0,00100,7742,388,33
2018-10-26 21:26:08.407133,台中市大里區,1,0,00100,Error! MyMoreLinkCollection1,商業登記基本資料,33,2
2018-10-26 21:26:18.655279,台中市大里區,1,0,00100,Error! MyMoreLinkCollection1,商業登記基本資料,33,16
2018-10-26 21:26:23.002334,台中市大里區,1,0,00100,7742,388,34
2018-10-26 21:26:30.350780,台中市大里區,1,0,00100,Error! MyMoreLinkCollection1,商業登記基本資料,34,11
2018-10-26 21:26:38.009663,台中市大里區,1,0,00100,7742,388,35
2018-10-26 21:26:50.602639,台中市大里區,1,0,00100,Error! MyMoreLinkCollection1,商業登記基本資料,35,18
2018-10-26 21:26:53.764567,台中市大里區,1,0,00100,7742,388,36
2018-10-26 21:27:09.044629,台中市大里區,1,0,00100,7742,388,37
2018-10-26 21:27:24.643886,台中市大里區,1,0,00100,7742,388,38
2018-10-26 21:27:39.597692,台中市大里區,1,0,00100,7742,388,39
2018-10-26 21:27:54.959441,台中市大里區,1,0,00100,7742,388,40
2018-10-26 21:28:11.636726,台中市大里區,1,0,00100,7742,388,41
2018-10-26 21:28:27.195272,台中市大里區,1,0,00100,7742,388,42
2018-10-26 21:28:42.315749,台中市大里區,1,0,00100,7742,388,43
2018-10-26 21:28:57.624000,台中市大里區,1,0,00100,7742,388,44
2018-10-26 21:28:59.698907,台中市大里區,1,0,00100,Error! MyMoreLinkCollection1,商業登記基本資料,44,4
2018-10-26 21:29:03.761682,台中市大里區,1,0,00100,Error! MyMoreLinkCollection1,商業登記基本資料,44,9
2018-10-26 21:29:12.991739,台中市大里區,1,0,00100,7742,388,45
2018-10-26 21:29:27.413115,台中市大里區,1,0,00100,7742,388,46
2018-10-26 21:29:40.338138,台中市大里區,1,0,00100,Error! MyMoreLinkCollection1,商業登記基本資料,46,19
2018-10-26 21:29:41.060764,台中市大里區,1,0,00100,Error! MyMoreLinkCollection1,商業登記基本資料,46,20
2018-10-26 21:29:42.501537,台中市大里區,1,0,00100,7742,388,47
2018-10-26 21:29:58.318047,台中市大里區,1,0,00100,7742,388,48
2018-10-26 21:30:09.856321,台中市大里區,1,0,00100,Error! MyMoreLinkCollection1,商業登記基本資料,48,17
2018-10-26 21:30:13.460877,台中市大里區,1,0,00100,7742,388,49
2018-10-26 21:30:28.831779,台中市大里區,1,0,00100,7742,388,50
2018-10-26 21:30:44.530793,台中市大里區,1,0,00100,7742,388,51
2018-10-26 21:30:59.688917,台中市大里區,1,0,00100,7742,388,52
2018-10-26 21:31:13.816620,台中市大里區,1,0,00100,Error! MyMoreLinkCollection1,商業登記基本資料,52,20
2018-10-26 21:31:16.349970,台中市大里區,1,0,00100,7742,388,53
2018-10-26 21:31:30.971359,台中市大里區,1,0,00100,7742,388,54
2018-10-26 21:31:46.225072,台中市大里區,1,0,00100,7742,388,55
2018-10-26 21:31:48.320752,台中市大里區,1,0,00100,Error! MyMoreLinkCollection1,商業登記基本資料,55,4
2018-10-26 21:31:50.579356,台中市大里區,1,0,00100,Error! MyMoreLinkCollection1,商業登記基本資料,55,7
2018-10-26 21:31:53.945544,台中市大里區,1,0,00100,Error! MyMoreLinkCollection1,商業登記基本資料,55,12
2018-10-26 21:32:01.784298,台中市大里區,1,0,00100,7742,388,56
2018-10-26 21:32:17.164160,台中市大里區,1,0,00100,7742,388,57
2018-10-26 21:32:32.745848,台中市大里區,1,0,00100,7742,388,58
2018-10-26 21:32:47.501388,台中市大里區,1,0,00100,7742,388,59
2018-10-26 21:33:05.224624,台中市大里區,1,0,00100,7742,388,60
2018-10-26 21:33:20.484298,台中市大里區,1,0,00100,7742,388,61
2018-10-26 21:33:25.251945,台中市大里區,1,0,00100,Error! MyMoreLinkCollection1,商業登記基本資料,61,8
2018-10-26 21:33:35.619639,台中市大里區,1,0,00100,7742,388,62
2018-10-26 21:33:42.956590,台中市大里區,1,0,00100,Error! MyMoreLinkCollection1,商業登記基本資料,62,11
2018-10-26 21:33:45.340859,台中市大里區,1,0,00100,Error! MyMoreLinkCollection1,商業登記基本資料,62,14
2018-10-26 21:33:52.563098,台中市大里區,1,0,00100,7742,388,63
2018-10-26 21:33:58.091511,台中市大里區,1,0,00100,Error! MyMoreLinkCollection1,商業登記基本資料,63,9
2018-10-26 21:34:04.610437,台中市大里區,1,0,00100,Error! MyMoreLinkCollection1,商業登記基本資料,63,18
2018-10-26 21:34:07.654777,台中市大里區,1,0,00100,7742,388,64
2018-10-26 21:34:09.730937,台中市大里區,1,0,00100,Error! MyMoreLinkCollection1,商業登記基本資料,64,4
2018-10-26 21:34:14.082945,台中市大里區,1,0,00100,Error! MyMoreLinkCollection1,商業登記基本資料,64,10
2018-10-26 21:34:19.829791,台中市大里區,1,0,00100,Error! MyMoreLinkCollection1,商業登記基本資料,64,17
2018-10-26 21:34:23.582051,台中市大里區,1,0,00100,7742,388,65
2018-10-26 21:34:38.901213,台中市大里區,1,0,00100,7742,388,66
2018-10-26 21:34:43.167882,台中市大里區,1,0,00100,Error! MyMoreLinkCollection1,商業登記基本資料,66,6
2018-10-26 21:34:50.043735,台中市大里區,1,0,00100,Error! MyMoreLinkCollection1,商業登記基本資料,66,15
2018-10-26 21:34:55.740705,台中市大里區,1,0,00100,7742,388,67
2018-10-26 21:35:03.655459,台中市大里區,1,0,00100,Error! MyMoreLinkCollection1,商業登記基本資料,67,12
2018-10-26 21:35:05.725455,台中市大里區,1,0,00100,Error! MyMoreLinkCollection1,商業登記基本資料,67,15
2018-10-26 21:35:10.772937,台中市大里區,1,0,00100,7742,388,68
2018-10-26 21:35:16.173654,台中市大里區,1,0,00100,Error! MyMoreLinkCollection1,商業登記基本資料,68,8
2018-10-26 21:35:22.369852,台中市大里區,1,0,00100,Error! MyMoreLinkCollection1,商業登記基本資料,68,16
2018-10-26 21:35:27.090780,台中市大里區,1,0,00100,7742,388,69
2018-10-26 21:35:31.626871,台中市大里區,1,0,00100,Error! MyMoreLinkCollection1,商業登記基本資料,69,8
2018-10-26 21:35:42.315968,台中市大里區,1,0,00100,7742,388,70
2018-10-26 21:35:42.979855,台中市大里區,1,0,00100,Error! MyMoreLinkCollection1,商業登記基本資料,70,2
2018-10-26 21:35:57.793636,台中市大里區,1,0,00100,7742,388,71
2018-10-26 21:36:06.747624,台中市大里區,1,0,00100,Error! MyMoreLinkCollection1,商業登記基本資料,71,14
2018-10-26 21:36:13.041530,台中市大里區,1,0,00100,7742,388,72
2018-10-26 21:36:30.124532,台中市大里區,1,0,00100,7742,388,73
2018-10-26 21:36:45.988046,台中市大里區,1,0,00100,7742,388,74
2018-10-26 21:36:55.368853,台中市大里區,1,0,00100,Error! MyMoreLinkCollection1,商業登記基本資料,74,14
2018-10-26 21:36:58.404961,台中市大里區,1,0,00100,Error! MyMoreLinkCollection1,商業登記基本資料,74,18
2018-10-26 21:37:01.818021,台中市大里區,1,0,00100,7742,388,75
2018-10-26 21:37:01.836047,台中市大里區,1,0,00100,Error! MyMoreLinkCollection1,商業登記基本資料,75,1
2018-10-26 21:37:17.023814,台中市大里區,1,0,00100,7742,388,76
2018-10-26 21:37:32.875184,台中市大里區,1,0,00100,7742,388,77
2018-10-26 21:37:43.758820,台中市大里區,1,0,00100,Error! MyMoreLinkCollection1,商業登記基本資料,77,16
2018-10-26 21:37:48.583925,台中市大里區,1,0,00100,7742,388,78
2018-10-26 21:38:04.452186,台中市大里區,1,0,00100,7742,388,79
2018-10-26 21:38:20.116321,台中市大里區,1,0,00100,7742,388,80
2018-10-26 21:38:28.515813,台中市大里區,1,0,00100,Error! MyMoreLinkCollection1,商業登記基本資料,80,13
2018-10-26 21:38:32.124475,台中市大里區,1,0,00100,Error! MyMoreLinkCollection1,商業登記基本資料,80,18
2018-10-26 21:38:35.720434,台中市大里區,1,0,00100,7742,388,81
2018-10-26 21:38:50.915148,台中市大里區,1,0,00100,7742,388,82
2018-10-26 21:39:04.376882,台中市大里區,1,0,00100,Error! MyMoreLinkCollection1,商業登記基本資料,82,20
2018-10-26 21:39:06.595867,台中市大里區,1,0,00100,7742,388,83
2018-10-26 21:39:21.415499,台中市大里區,1,0,00100,7742,388,84
2018-10-26 21:39:36.060252,台中市大里區,1,0,00100,7742,388,85
2018-10-26 21:39:43.269574,台中市大里區,1,0,00100,Error! MyMoreLinkCollection1,商業登記基本資料,85,11
2018-10-26 21:39:47.738850,台中市大里區,1,0,00100,Error! MyMoreLinkCollection1,商業登記基本資料,85,17
2018-10-26 21:39:51.552407,台中市大里區,1,0,00100,7742,388,86
2018-10-26 21:40:07.654821,台中市大里區,1,0,00100,7742,388,87
2018-10-26 21:40:22.548833,台中市大里區,1,0,00100,7742,388,88
2018-10-26 21:40:51.706588,台中市大里區,1,0,00100,7742,388,89
2018-10-26 21:41:04.473313,台中市大里區,1,0,00100,Error! MyMoreLinkCollection1,商業登記基本資料,89,17
2018-10-26 21:41:05.797947,台中市大里區,1,0,00100,Error! MyMoreLinkCollection1,商業登記基本資料,89,19
2018-10-26 21:41:07.997982,台中市大里區,1,0,00100,7742,388,90
2018-10-26 21:41:20.421127,台中市大里區,1,0,00100,Error! MyMoreLinkCollection1,商業登記基本資料,90,18
2018-10-26 21:41:23.837326,台中市大里區,1,0,00100,7742,388,91
2018-10-26 21:41:39.174940,台中市大里區,1,0,00100,7742,388,92
2018-10-26 21:41:54.443430,台中市大里區,1,0,00100,7742,388,93
2018-10-26 21:41:59.261210,台中市大里區,1,0,00100,Error! MyMoreLinkCollection1,商業登記基本資料,93,8
2018-10-26 21:42:02.863598,台中市大里區,1,0,00100,Error! MyMoreLinkCollection1,商業登記基本資料,93,13
2018-10-26 21:42:04.942542,台中市大里區,1,0,00100,Error! MyMoreLinkCollection1,商業登記基本資料,93,16
2018-10-26 21:42:09.488201,台中市大里區,1,0,00100,7742,388,94
2018-10-26 21:42:25.742073,台中市大里區,1,0,00100,7742,388,95
2018-10-26 21:42:28.727112,台中市大里區,1,0,00100,Error! MyMoreLinkCollection1,商業登記基本資料,95,5
2018-10-26 21:42:31.017450,台中市大里區,1,0,00100,Error! MyMoreLinkCollection1,商業登記基本資料,95,8
2018-10-26 21:42:40.717388,台中市大里區,1,0,00100,7742,388,96
2018-10-26 21:42:42.114148,台中市大里區,1,0,00100,Error! MyMoreLinkCollection1,商業登記基本資料,96,3
2018-10-26 21:42:48.120960,台中市大里區,1,0,00100,Error! MyMoreLinkCollection1,商業登記基本資料,96,11
2018-10-26 21:42:50.277937,台中市大里區,1,0,00100,Error! MyMoreLinkCollection1,商業登記基本資料,96,14
2018-10-26 21:42:53.969088,台中市大里區,1,0,00100,Error! MyMoreLinkCollection1,商業登記基本資料,96,19
2018-10-26 21:42:56.449625,台中市大里區,1,0,00100,7742,388,97
2018-10-26 21:43:11.992776,台中市大里區,1,0,00100,7742,388,98
2018-10-26 21:43:21.854495,台中市大里區,1,0,00100,Error! MyMoreLinkCollection1,商業登記基本資料,98,15
2018-10-26 21:43:26.974905,台中市大里區,1,0,00100,7742,388,99
2018-10-26 21:43:42.775068,台中市大里區,1,0,00100,7742,388,100
2018-10-26 21:43:47.480319,台中市大里區,1,0,00100,Error! MyMoreLinkCollection1,商業登記基本資料,100,8
2018-10-26 21:43:59.888445,台中市大里區,1,0,00100,7742,388,101
2018-10-26 21:44:00.597335,台中市大里區,1,0,00100,Error! MyMoreLinkCollection1,商業登記基本資料,101,2
2018-10-26 21:44:15.114805,台中市大里區,1,0,00100,7742,388,102
2018-10-26 21:44:17.960532,台中市大里區,1,0,00100,Error! MyMoreLinkCollection1,商業登記基本資料,102,5
2018-10-26 21:44:30.906839,台中市大里區,1,0,00100,7742,388,103
2018-10-26 21:44:40.612079,台中市大里區,1,0,00100,Error! MyMoreLinkCollection1,商業登記基本資料,103,14
2018-10-26 21:44:46.936547,台中市大里區,1,0,00100,7742,388,104
2018-10-26 21:44:49.793710,台中市大里區,1,0,00100,Error! MyMoreLinkCollection1,商業登記基本資料,104,5
2018-10-26 21:44:53.112164,台中市大里區,1,0,00100,Error! MyMoreLinkCollection1,商業登記基本資料,104,10
2018-10-26 21:44:59.137220,台中市大里區,1,0,00100,Error! MyMoreLinkCollection1,商業登記基本資料,104,19
2018-10-26 21:45:02.289924,台中市大里區,1,0,00100,7742,388,105
2018-10-26 21:45:17.926063,台中市大里區,1,0,00100,7742,388,106
2018-10-26 21:45:17.943443,台中市大里區,1,0,00100,Error! MyMoreLinkCollection1,商業登記基本資料,106,1
2018-10-26 21:45:33.570053,台中市大里區,1,0,00100,7742,388,107
2018-10-26 21:45:41.972321,台中市大里區,1,0,00100,Error! MyMoreLinkCollection1,商業登記基本資料,107,13
2018-10-26 21:45:42.886911,台中市大里區,1,0,00100,Error! MyMoreLinkCollection1,商業登記基本資料,107,14
2018-10-26 21:45:49.177622,台中市大里區,1,0,00100,7742,388,108
2018-10-26 21:45:55.151408,台中市大里區,1,0,00100,Error! MyMoreLinkCollection1,商業登記基本資料,108,10
2018-10-26 21:45:59.397553,台中市大里區,1,0,00100,Error! MyMoreLinkCollection1,商業登記基本資料,108,16
2018-10-26 21:46:03.769614,台中市大里區,1,0,00100,7742,388,109
2018-10-26 21:46:19.564541,台中市大里區,1,0,00100,7742,388,110
2018-10-26 21:46:28.537716,台中市大里區,1,0,00100,Error! MyMoreLinkCollection1,商業登記基本資料,110,13
2018-10-26 21:46:29.290439,台中市大里區,1,0,00100,Error! MyMoreLinkCollection1,商業登記基本資料,110,14
2018-10-26 21:46:35.524952,台中市大里區,1,0,00100,7742,388,111
2018-10-26 21:47:11.729598,台中市大里區,1,0,00100,7742,388,112
2018-10-26 21:47:15.205082,台中市大里區,1,0,00100,Error! MyMoreLinkCollection1,商業登記基本資料,112,6
2018-10-26 21:47:20.389533,台中市大里區,1,0,00100,Error! MyMoreLinkCollection1,商業登記基本資料,112,13
2018-10-26 21:47:27.104790,台中市大里區,1,0,00100,7742,388,113
2018-10-26 21:47:27.849060,台中市大里區,1,0,00100,Error! MyMoreLinkCollection1,商業登記基本資料,113,2
2018-10-26 21:47:34.039246,台中市大里區,1,0,00100,Error! MyMoreLinkCollection1,商業登記基本資料,113,10
2018-10-26 21:47:43.313294,台中市大里區,1,0,00100,7742,388,114
2018-10-26 21:47:58.896898,台中市大里區,1,0,00100,7742,388,115
2018-10-26 21:48:15.257183,台中市大里區,1,0,00100,7742,388,116
2018-10-26 21:48:30.851641,台中市大里區,1,0,00100,7742,388,117
2018-10-26 21:48:45.683178,台中市大里區,1,0,00100,7742,388,118
2018-10-26 21:49:01.597278,台中市大里區,1,0,00100,7742,388,119
2018-10-26 21:49:08.573561,台中市大里區,1,0,00100,Error! MyMoreLinkCollection1,商業登記基本資料,119,11
2018-10-26 21:49:16.994496,台中市大里區,1,0,00100,7742,388,120
2018-10-26 21:49:30.104418,台中市大里區,1,0,00100,Error! MyMoreLinkCollection1,商業登記基本資料,120,19
2018-10-26 21:49:32.786466,台中市大里區,1,0,00100,7742,388,121
2018-10-26 21:49:48.006367,台中市大里區,1,0,00100,7742,388,122
2018-10-26 21:49:52.613682,台中市大里區,1,0,00100,Error! MyMoreLinkCollection1,商業登記基本資料,122,8
2018-10-26 21:50:00.101834,台中市大里區,1,0,00100,Error! MyMoreLinkCollection1,商業登記基本資料,122,19
2018-10-26 21:50:02.441322,台中市大里區,1,0,00100,7742,388,123
2018-10-26 21:50:03.821865,台中市大里區,1,0,00100,Error! MyMoreLinkCollection1,商業登記基本資料,123,3
2018-10-26 21:50:18.046969,台中市大里區,1,0,00100,7742,388,124
2018-10-26 21:50:24.263708,台中市大里區,1,0,00100,Error! MyMoreLinkCollection1,商業登記基本資料,124,10
2018-10-26 21:50:30.158587,台中市大里區,1,0,00100,Error! MyMoreLinkCollection1,商業登記基本資料,124,18
2018-10-26 21:50:33.325663,台中市大里區,1,0,00100,7742,388,125
2018-10-26 21:50:37.624334,台中市大里區,1,0,00100,Error! MyMoreLinkCollection1,商業登記基本資料,125,7
2018-10-26 21:50:48.701016,台中市大里區,1,0,00100,7742,388,126
2018-10-26 21:51:01.035051,台中市大里區,1,0,00100,Error! MyMoreLinkCollection1,商業登記基本資料,126,18
2018-10-26 21:51:04.220917,台中市大里區,1,0,00100,7742,388,127
2018-10-26 21:51:19.828619,台中市大里區,1,0,00100,7742,388,128
2018-10-26 21:51:21.272148,台中市大里區,1,0,00100,Error! MyMoreLinkCollection1,商業登記基本資料,128,3
2018-10-26 21:51:29.386651,台中市大里區,1,0,00100,Error! MyMoreLinkCollection1,商業登記基本資料,128,14
2018-10-26 21:51:35.422551,台中市大里區,1,0,00100,7742,388,129
2018-10-26 21:51:51.711188,台中市大里區,1,0,00100,7742,388,130
2018-10-26 21:51:56.407992,台中市大里區,1,0,00100,Error! MyMoreLinkCollection1,商業登記基本資料,130,8
2018-10-26 21:52:08.466023,台中市大里區,6,6,00100,7742,388,6
2018-10-26 21:52:08.400359,台中市大里區,1,0,00100,7742,388,131
2018-10-26 21:52:21.497307,台中市大里區,1,0,00100,Error! MyMoreLinkCollection1,商業登記基本資料,131,17
2018-10-26 21:52:25.966425,台中市大里區,1,0,00100,7742,388,132
2018-10-26 21:52:27.342069,台中市大里區,1,0,00100,Error! MyMoreLinkCollection1,商業登記基本資料,132,3
2018-10-26 21:52:33.452624,台中市大里區,1,0,00100,Error! MyMoreLinkCollection1,商業登記基本資料,132,11
2018-10-26 21:52:42.453062,台中市大里區,1,0,00100,7742,388,133
2018-10-26 21:52:52.374980,台中市大里區,1,0,00100,Error! MyMoreLinkCollection1,商業登記基本資料,133,15
2018-10-26 21:52:57.857213,台中市大里區,1,0,00100,7742,388,134
2018-10-26 21:53:14.274922,台中市大里區,1,0,00100,7742,388,135
2018-10-26 21:53:26.488868,台中市大里區,1,0,00100,Error! MyMoreLinkCollection1,商業登記基本資料,135,17
2018-10-26 21:53:30.812903,台中市大里區,1,0,00100,7742,388,136
2018-10-26 21:53:34.060117,台中市大里區,1,0,00100,Error! MyMoreLinkCollection1,商業登記基本資料,136,5
2018-10-26 21:53:36.523463,台中市大里區,1,0,00100,Error! MyMoreLinkCollection1,商業登記基本資料,136,7
2018-10-26 21:53:38.211705,台中市大里區,1,0,00100,Error! MyMoreLinkCollection1,商業登記基本資料,136,9
2018-10-26 21:53:39.623186,台中市大里區,1,0,00100,Error! MyMoreLinkCollection1,商業登記基本資料,136,11
2018-10-26 21:53:47.856630,台中市大里區,1,0,00100,7742,388,137
2018-10-26 21:54:04.065019,台中市大里區,1,0,00100,Error! MyMoreLinkCollection1,商業登記基本資料,137,20
2018-10-26 21:54:06.262527,台中市大里區,1,0,00100,7742,388,138
2018-10-26 21:54:10.551786,台中市大里區,1,0,00100,Error! MyMoreLinkCollection1,商業登記基本資料,138,6
2018-10-26 21:54:15.962784,台中市大里區,1,0,00100,Error! MyMoreLinkCollection1,商業登記基本資料,138,12
2018-10-26 21:54:08.986740,台中市大里區,9,9,00100,7742,388,9
2018-10-26 21:54:24.991702,台中市大里區,1,0,00100,7742,388,139
2018-10-26 21:54:28.369881,台中市大里區,1,0,00100,Error! MyMoreLinkCollection1,商業登記基本資料,139,5
2018-10-26 21:54:41.369194,台中市大里區,1,0,00100,7742,388,140
2018-10-26 21:54:42.958064,台中市大里區,1,0,00100,Error! MyMoreLinkCollection1,商業登記基本資料,140,3
2018-10-26 21:54:43.541261,台中市大里區,1,0,00100,Error! MyMoreLinkCollection1,商業登記基本資料,140,4
2018-10-26 21:54:44.976673,台中市大里區,1,0,00100,Error! MyMoreLinkCollection1,商業登記基本資料,140,6
2018-10-26 21:54:46.514065,台中市大里區,1,0,00100,Error! MyMoreLinkCollection1,商業登記基本資料,140,8
2018-10-26 21:54:57.599506,台中市大里區,1,0,00100,7742,388,141
2018-10-26 21:55:13.169785,台中市大里區,1,0,00100,7742,388,142
2018-10-26 21:55:29.314348,台中市大里區,1,0,00100,7742,388,143
2018-10-26 21:55:37.269057,台中市大里區,1,0,00100,Error! MyMoreLinkCollection1,商業登記基本資料,143,12
2018-10-26 21:55:42.580285,台中市大里區,1,0,00100,Error! MyMoreLinkCollection1,商業登記基本資料,143,19
2018-10-26 21:55:45.216878,台中市大里區,1,0,00100,7742,388,144
2018-10-26 21:55:45.918398,台中市大里區,1,0,00100,Error! MyMoreLinkCollection1,商業登記基本資料,144,2
2018-10-26 21:55:51.803063,台中市大里區,1,0,00100,Error! MyMoreLinkCollection1,商業登記基本資料,144,10
2018-10-26 21:55:55.927129,台中市大里區,1,0,00100,Error! MyMoreLinkCollection1,商業登記基本資料,144,16
2018-10-26 21:55:58.635705,台中市大里區,1,0,00100,Error! MyMoreLinkCollection1,商業登記基本資料,144,20
2018-10-26 21:56:00.532771,台中市大里區,1,0,00100,7742,388,145
2018-10-26 21:56:18.057560,台中市大里區,1,0,00100,7742,388,146
2018-10-26 21:56:34.460493,台中市大里區,1,0,00100,7742,388,147
2018-10-26 21:56:50.770488,台中市大里區,1,0,00100,7742,388,148
2018-10-26 21:57:03.313694,台中市大里區,1,0,00100,Error! MyMoreLinkCollection1,商業登記基本資料,148,17
2018-10-26 21:57:07.934101,台中市大里區,1,0,00100,7742,388,149
2018-10-26 21:57:15.699421,台中市大里區,1,0,00100,Error! MyMoreLinkCollection1,商業登記基本資料,149,12
2018-10-26 21:57:23.295633,台中市大里區,1,0,00100,7742,388,150
2018-10-26 21:57:31.604500,台中市大里區,1,0,00100,Error! MyMoreLinkCollection1,商業登記基本資料,150,12
2018-10-26 21:57:39.801460,台中市大里區,1,0,00100,7742,388,151
2018-10-26 21:57:54.874433,台中市大里區,1,0,00100,7742,388,152
2018-10-26 21:58:10.504021,台中市大里區,1,0,00100,7742,388,153
2018-10-26 21:58:11.142262,台中市大里區,1,0,00100,Error! MyMoreLinkCollection1,商業登記基本資料,153,2
2018-10-26 21:58:25.527839,台中市大里區,1,0,00100,7742,388,154
2018-10-26 21:58:41.874251,台中市大里區,1,0,00100,7742,388,155
2018-10-26 21:58:57.696275,台中市大里區,1,0,00100,7742,388,156
2018-10-26 21:59:13.575929,台中市大里區,1,0,00100,7742,388,157
2018-10-26 21:59:14.715536,台中市大里區,1,0,00100,Error! MyMoreLinkCollection1,商業登記基本資料,157,2
2018-10-26 21:59:21.204539,台中市大里區,1,0,00100,Error! MyMoreLinkCollection1,商業登記基本資料,157,11
2018-10-26 21:59:29.253908,台中市大里區,1,0,00100,7742,388,158
2018-10-26 21:59:40.191075,台中市大里區,1,0,00100,Error! MyMoreLinkCollection1,商業登記基本資料,158,17
2018-10-26 21:59:44.594127,台中市大里區,1,0,00100,7742,388,159
2018-10-26 22:00:00.372235,台中市大里區,1,0,00100,7742,388,160
2018-10-26 22:00:16.801516,台中市大里區,1,0,00100,7742,388,161
2018-10-26 22:00:38.498743,台中市大里區,1,0,00100,7742,388,162
2018-10-26 22:00:43.828760,台中市大里區,1,0,00100,Error! MyMoreLinkCollection1,商業登記基本資料,162,8
2018-10-26 22:00:57.734197,台中市大里區,1,0,00100,7742,388,163
2018-10-26 22:01:15.761715,台中市大里區,1,0,00100,7742,388,164
2018-10-26 22:01:43.446723,台中市大里區,1,0,00100,7742,388,165
2018-10-26 22:01:54.509762,台中市大里區,1,0,00100,Error! MyMoreLinkCollection1,商業登記基本資料,165,16
2018-10-26 22:01:59.495482,台中市大里區,1,0,00100,7742,388,166
2018-10-26 22:02:17.694934,台中市大里區,1,0,00100,7742,388,167
2018-10-26 22:02:34.598018,台中市大里區,1,0,00100,7742,388,168
2018-10-26 22:02:50.407775,台中市大里區,1,0,00100,7742,388,169
2018-10-26 22:02:55.347899,台中市大里區,1,0,00100,Error! MyMoreLinkCollection1,商業登記基本資料,169,7
2018-10-26 22:02:58.699236,台中市大里區,1,0,00100,Error! MyMoreLinkCollection1,商業登記基本資料,169,11
2018-10-26 22:03:00.274673,台中市大里區,1,0,00100,Error! MyMoreLinkCollection1,商業登記基本資料,169,13
2018-10-26 22:03:05.543566,台中市大里區,1,0,00100,Error! MyMoreLinkCollection1,商業登記基本資料,169,20
2018-10-26 22:03:07.563940,台中市大里區,1,0,00100,7742,388,170
2018-10-26 22:03:07.579899,台中市大里區,1,0,00100,Error! MyMoreLinkCollection1,商業登記基本資料,170,1
2018-10-26 22:03:08.305804,台中市大里區,1,0,00100,Error! MyMoreLinkCollection1,商業登記基本資料,170,2
2018-10-26 22:03:18.123873,台中市大里區,1,0,00100,Error! MyMoreLinkCollection1,商業登記基本資料,170,15
2018-10-26 22:03:18.832597,台中市大里區,7,7,00100,7742,388,7
2018-10-26 22:03:24.844984,台中市大里區,1,0,00100,7742,388,171
2018-10-26 22:03:28.994728,台中市大里區,1,0,00100,Error! MyMoreLinkCollection1,商業登記基本資料,171,6
2018-10-26 22:03:40.513488,台中市大里區,1,0,00100,Error! MyMoreLinkCollection1,商業登記基本資料,171,19
2018-10-26 22:03:43.516054,台中市大里區,1,0,00100,7742,388,172
2018-10-26 22:04:01.169091,台中市大里區,1,0,00100,7742,388,173
2018-10-26 22:04:14.581219,台中市大里區,1,0,00100,Error! MyMoreLinkCollection1,商業登記基本資料,173,18
2018-10-26 22:04:15.713136,台中市大里區,1,0,00100,Error! MyMoreLinkCollection1,商業登記基本資料,173,19
2018-10-26 22:04:18.655204,台中市大里區,1,0,00100,7742,388,174
2018-10-26 22:04:23.012050,台中市大里區,1,0,00100,Error! MyMoreLinkCollection1,商業登記基本資料,174,7
2018-10-26 22:04:24.283070,台中市大里區,1,0,00100,Error! MyMoreLinkCollection1,商業登記基本資料,174,9
2018-10-26 22:04:32.169378,台中市大里區,1,0,00100,Error! MyMoreLinkCollection1,商業登記基本資料,174,20
2018-10-26 22:04:34.178526,台中市大里區,1,0,00100,7742,388,175
2018-10-26 22:04:49.552117,台中市大里區,1,0,00100,7742,388,176
2018-10-26 22:04:53.168665,台中市大里區,1,0,00100,Error! MyMoreLinkCollection1,商業登記基本資料,176,6
2018-10-26 22:04:55.986930,台中市大里區,1,0,00100,Error! MyMoreLinkCollection1,商業登記基本資料,176,10
2018-10-26 22:05:05.464100,台中市大里區,1,0,00100,7742,388,177
2018-10-26 22:05:11.920363,台中市大里區,1,0,00100,Error! MyMoreLinkCollection1,商業登記基本資料,177,10
2018-10-26 22:05:14.657278,台中市大里區,1,0,00100,Error! MyMoreLinkCollection1,商業登記基本資料,177,14
2018-10-26 22:05:21.424868,台中市大里區,1,0,00100,7742,388,178
2018-10-26 22:05:37.715771,台中市大里區,1,0,00100,7742,388,179
2018-10-26 22:05:53.798331,台中市大里區,1,0,00100,7742,388,180
2018-10-26 22:06:10.448094,台中市大里區,1,0,00100,7742,388,181
2018-10-26 22:06:26.425277,台中市大里區,1,0,00100,7742,388,182
2018-10-26 22:06:42.500502,台中市大里區,1,0,00100,7742,388,183
2018-10-26 22:06:42.517759,台中市大里區,1,0,00100,Error! MyMoreLinkCollection1,商業登記基本資料,183,1
2018-10-26 22:06:58.749356,台中市大里區,1,0,00100,7742,388,184
2018-10-26 22:07:17.771822,台中市大里區,1,0,00100,7742,388,185
2018-10-26 22:07:34.777281,台中市大里區,1,0,00100,7742,388,186
2018-10-26 22:07:51.586265,台中市大里區,1,0,00100,7742,388,187
2018-10-26 22:07:53.151891,台中市大里區,1,0,00100,Error! MyMoreLinkCollection1,商業登記基本資料,187,3
2018-10-26 22:08:08.940416,台中市大里區,1,0,00100,7742,388,188
2018-10-26 22:08:22.453517,台中市大里區,1,0,00100,Error! MyMoreLinkCollection1,商業登記基本資料,188,17
2018-10-26 22:08:23.993593,台中市大里區,1,0,00100,Error! MyMoreLinkCollection1,商業登記基本資料,188,19
2018-10-26 22:08:27.030313,台中市大里區,1,0,00100,7742,388,189
2018-10-26 22:08:37.186635,台中市大里區,1,0,00100,Error! MyMoreLinkCollection1,商業登記基本資料,189,14
2018-10-26 22:08:43.830063,台中市大里區,1,0,00100,7742,388,190
2018-10-26 22:08:54.904218,台中市大里區,1,0,00100,Error! MyMoreLinkCollection1,商業登記基本資料,190,16
2018-10-26 22:08:59.927152,台中市大里區,1,0,00100,7742,388,191
2018-10-26 22:09:18.221432,台中市大里區,1,0,00100,7742,388,192
2018-10-26 22:09:31.960787,台中市大里區,1,0,00100,Error! MyMoreLinkCollection1,商業登記基本資料,192,19
2018-10-26 22:09:34.857933,台中市大里區,1,0,00100,7742,388,193
2018-10-26 22:09:37.956849,台中市大里區,1,0,00100,Error! MyMoreLinkCollection1,商業登記基本資料,193,5
2018-10-26 22:09:52.530653,台中市大里區,1,0,00100,7742,388,194
2018-10-26 22:10:06.630750,台中市大里區,1,0,00100,Error! MyMoreLinkCollection1,商業登記基本資料,194,18
